渡邉　諒, (日), 右打ち, 1試合, 打率0.333, 3打席, 1安打, 1本塁打, 1打点, 0三振, 長打率1.333
松葉　貴大, (オ), 左打ち, 28試合, 打率1.000, 2打席, 2安打, 0本塁打, 0打点, 0三振, 長打率1.000
ディクソン, (オ), 右打ち, 27試合, 打率0.600, 6打席, 3安打, 0本塁打, 5打点, 1三振, 長打率0.800
飯山　裕志, (日), 右打ち, 36試合, 打率0.333, 3打席, 1安打, 0本塁打, 0打点, 2三振, 長打率0.667
美馬　学, (楽), 左打ち, 26試合, 打率0.667, 3打席, 2安打, 0本塁打, 1打点, 1三振, 長打率0.667
山川　穂高, (西), 右打ち, 49試合, 打率0.259, 157打席, 36安打, 14本塁打, 32打点, 36三振, 長打率0.590
大谷　翔平, (日), 左打ち, 104試合, 打率0.322, 382打席, 104安打, 22本塁打, 67打点, 98三振, 長打率0.588
柳田　悠岐, (ソ), 左打ち, 120試合, 打率0.306, 536打席, 131安打, 18本塁打, 73打点, 97三振, 長打率0.523
レアード, (日), 右打ち, 143試合, 打率0.263, 598打席, 144安打, 39本塁打, 97打点, 138三振, 長打率0.516
アマダー, (楽), 右打ち, 39試合, 打率0.258, 138打席, 34安打, 9本塁打, 19打点, 32三振, 長打率0.515
浅村　栄斗, (西), 右打ち, 143試合, 打率0.309, 611打席, 172安打, 24本塁打, 82打点, 108三振, 長打率0.510
メヒア, (西), 右打ち, 137試合, 打率0.252, 583打席, 129安打, 35本塁打, 103打点, 148三振, 長打率0.509
サブロー, (ロ), 右打ち, 1試合, 打率0.250, 4打席, 1安打, 0本塁打, 0打点, 3三振, 長打率0.500
関谷　亮太, (ロ), 右打ち, 16試合, 打率0.500, 3打席, 1安打, 0本塁打, 1打点, 0三振, 長打率0.500
水口　大地, (西), 左打ち, 20試合, 打率0.500, 6打席, 3安打, 0本塁打, 1打点, 1三振, 長打率0.500
吉田　正尚, (オ), 左打ち, 63試合, 打率0.290, 258打席, 67安打, 10本塁打, 34打点, 34三振, 長打率0.494
ペゲーロ, (楽), 左打ち, 51試合, 打率0.279, 200打席, 51安打, 10本塁打, 26打点, 67三振, 長打率0.492
デスパイネ, (ロ), 右打ち, 134試合, 打率0.280, 570打席, 139安打, 24本塁打, 92打点, 89三振, 長打率0.480
ウィーラー, (楽), 右打ち, 140試合, 打率0.265, 589打席, 137安打, 27本塁打, 88打点, 123三振, 長打率0.478
岡　大海, (日), 右打ち, 41試合, 打率0.374, 154打席, 49安打, 2本塁打, 12打点, 27三振, 長打率0.473
Ｔ−岡田, (オ), 左打ち, 123試合, 打率0.284, 513打席, 129安打, 20本塁打, 76打点, 105三振, 長打率0.471
松田　宣浩, (ソ), 右打ち, 143試合, 打率0.259, 609打席, 142安打, 27本塁打, 85打点, 141三振, 長打率0.467
角中　勝也, (ロ), 左打ち, 143試合, 打率0.339, 607打席, 178安打, 8本塁打, 69打点, 64三振, 長打率0.461
糸井　嘉男, (オ), 左打ち, 143試合, 打率0.306, 616打席, 163安打, 17本塁打, 70打点, 84三振, 長打率0.451
中村　剛也, (西), 右打ち, 108試合, 打率0.238, 432打席, 92安打, 21本塁打, 61打点, 125三振, 長打率0.447
中島　宏之, (オ), 右打ち, 96試合, 打率0.290, 347打席, 91安打, 8本塁打, 47打点, 54三振, 長打率0.439
城所　龍磨, (ソ), 左打ち, 84試合, 打率0.264, 162打席, 39安打, 6本塁打, 19打点, 45三振, 長打率0.439
森　友哉, (西), 左打ち, 107試合, 打率0.292, 392打席, 102安打, 10本塁打, 46打点, 96三振, 長打率0.436
内川　聖一, (ソ), 右打ち, 141試合, 打率0.304, 605打席, 169安打, 18本塁打, 106打点, 53三振, 長打率0.435
ペレス, (楽), 左打ち, 24試合, 打率0.239, 93打席, 21安打, 5本塁打, 15打点, 29三振, 長打率0.432
中田　翔, (日), 右打ち, 141試合, 打率0.250, 624打席, 142安打, 25本塁打, 110打点, 126三振, 長打率0.431
陽　岱鋼, (日), 右打ち, 130試合, 打率0.293, 555打席, 145安打, 14本塁打, 61打点, 121三振, 長打率0.430
秋山　翔吾, (西), 左打ち, 143試合, 打率0.296, 671打席, 171安打, 11本塁打, 62打点, 103三振, 長打率0.422
牧田　明久, (楽), 右打ち, 16試合, 打率0.355, 34打席, 11安打, 0本塁打, 2打点, 2三振, 長打率0.419
クラーク, (オ), 左打ち, 11試合, 打率0.172, 34打席, 5安打, 2本塁打, 4打点, 11三振, 長打率0.414
茂木　栄五郎, (楽), 左打ち, 117試合, 打率0.278, 481打席, 118安打, 7本塁打, 40打点, 95三振, 長打率0.408
井口　資仁, (ロ), 右打ち, 79試合, 打率0.257, 176打席, 39安打, 5本塁打, 34打点, 50三振, 長打率0.408
島内　宏明, (楽), 左打ち, 114試合, 打率0.287, 388打席, 98安打, 9本塁打, 41打点, 48三振, 長打率0.404
長谷川　勇也, (ソ), 左打ち, 122試合, 打率0.271, 442打席, 105安打, 10本塁打, 51打点, 95三振, 長打率0.403
釜田　佳直, (楽), 右打ち, 20試合, 打率0.200, 5打席, 1安打, 0本塁打, 1打点, 2三振, 長打率0.400
中村　一生, (オ), 右打ち, 7試合, 打率0.200, 5打席, 1安打, 0本塁打, 1打点, 1三振, 長打率0.400
西川　遥輝, (日), 左打ち, 138試合, 打率0.314, 593打席, 155安打, 5本塁打, 43打点, 113三振, 長打率0.398
鈴木　大地, (ロ), 左打ち, 143試合, 打率0.285, 583打席, 143安打, 6本塁打, 61打点, 56三振, 長打率0.389
内田　靖人, (楽), 右打ち, 17試合, 打率0.204, 58打席, 11安打, 2本塁打, 7打点, 27三振, 長打率0.389
聖澤　諒, (楽), 左打ち, 94試合, 打率0.294, 229打席, 59安打, 3本塁打, 19打点, 41三振, 長打率0.388
上本　達之, (西), 左打ち, 67試合, 打率0.307, 98打席, 27安打, 1本塁打, 12打点, 23三振, 長打率0.386
江川　智晃, (ソ), 右打ち, 42試合, 打率0.228, 138打席, 26安打, 4本塁打, 15打点, 44三振, 長打率0.386
細谷　圭, (ロ), 右打ち, 116試合, 打率0.275, 404打席, 102安打, 3本塁打, 40打点, 93三振, 長打率0.383
矢野　謙次, (日), 右打ち, 34試合, 打率0.207, 35打席, 6安打, 1本塁打, 8打点, 5三振, 長打率0.379
中村　晃, (ソ), 左打ち, 143試合, 打率0.287, 612打席, 140安打, 7本塁打, 50打点, 53三振, 長打率0.377
坂田　遼, (西), 左打ち, 45試合, 打率0.245, 161打席, 37安打, 3本塁打, 26打点, 22三振, 長打率0.371
今宮　健太, (ソ), 右打ち, 137試合, 打率0.245, 590打席, 122安打, 10本塁打, 56打点, 86三振, 長打率0.370
栗山　巧, (西), 左打ち, 135試合, 打率0.279, 569打席, 133安打, 3本塁打, 41打点, 87三振, 長打率0.369
三好　匠, (楽), 右打ち, 38試合, 打率0.222, 70打席, 14安打, 3本塁打, 6打点, 16三振, 長打率0.365
荻野　貴司, (ロ), 右打ち, 71試合, 打率0.250, 219打席, 48安打, 3本塁打, 21打点, 25三振, 長打率0.365
モレル, (オ), 右打ち, 94試合, 打率0.244, 348打席, 75安打, 8本塁打, 38打点, 88三振, 長打率0.364
ブランコ, (オ), 右打ち, 27試合, 打率0.218, 94打席, 17安打, 3本塁打, 13打点, 26三振, 長打率0.359
嶋　基宏, (楽), 右打ち, 80試合, 打率0.271, 256打席, 54安打, 2本塁打, 17打点, 43三振, 長打率0.357
枡田　慎太郎, (楽), 左打ち, 45試合, 打率0.278, 66打席, 15安打, 1本塁打, 6打点, 23三振, 長打率0.352
小谷野　栄一, (オ), 右打ち, 50試合, 打率0.249, 189打席, 44安打, 4本塁打, 13打点, 30三振, 長打率0.350
ナバーロ, (ロ), 右打ち, 82試合, 打率0.217, 340打席, 62安打, 10本塁打, 44打点, 64三振, 長打率0.350
渡辺　直人, (西), 右打ち, 70試合, 打率0.309, 207打席, 56安打, 0本塁打, 16打点, 20三振, 長打率0.348
鶴岡　慎也, (ソ), 右打ち, 103試合, 打率0.251, 263打席, 58安打, 2本塁打, 26打点, 26三振, 長打率0.346
岡島　豪郎, (楽), 左打ち, 127試合, 打率0.252, 485打席, 106安打, 6本塁打, 35打点, 49三振, 長打率0.345
大野　奨太, (日), 右打ち, 109試合, 打率0.245, 351打席, 69安打, 5本塁打, 35打点, 63三振, 長打率0.344
井上　晴哉, (ロ), 右打ち, 35試合, 打率0.232, 107打席, 23安打, 2本塁打, 16打点, 19三振, 長打率0.343
後藤　光尊, (楽), 左打ち, 50試合, 打率0.250, 138打席, 33安打, 2本塁打, 10打点, 30三振, 長打率0.341
福田　秀平, (ソ), 左打ち, 81試合, 打率0.231, 239打席, 49安打, 3本塁打, 18打点, 51三振, 長打率0.335
拓也, (ソ), 右打ち, 13試合, 打率0.167, 7打席, 1安打, 0本塁打, 1打点, 4三振, 長打率0.333
竹原　直隆, (西), 右打ち, 22試合, 打率0.200, 31打席, 6安打, 1本塁打, 6打点, 4三振, 長打率0.333
バンヘッケン, (西), 右打ち, 10試合, 打率0.333, 4打席, 1安打, 0本塁打, 0打点, 2三振, 長打率0.333
福田　将儀, (楽), 右打ち, 36試合, 打率0.200, 74打席, 12安打, 2本塁打, 8打点, 11三振, 長打率0.333
銀次, (楽), 左打ち, 125試合, 打率0.274, 497打席, 116安打, 2本塁打, 43打点, 49三振, 長打率0.333
鬼_　裕司, (西), 左打ち, 79試合, 打率0.253, 216打席, 48安打, 1本塁打, 17打点, 53三振, 長打率0.332
田村　龍弘, (ロ), 右打ち, 130試合, 打率0.256, 430打席, 95安打, 2本塁打, 38打点, 91三振, 長打率0.332
今江　敏晃, (楽), 右打ち, 89試合, 打率0.281, 351打席, 89安打, 3本塁打, 23打点, 30三振, 長打率0.331
西野　真弘, (オ), 左打ち, 143試合, 打率0.264, 610打席, 142安打, 2本塁打, 33打点, 55三振, 長打率0.331
吉村　裕基, (ソ), 右打ち, 78試合, 打率0.209, 206打席, 37安打, 5本塁打, 28打点, 46三振, 長打率0.328
根元　俊一, (ロ), 左打ち, 48試合, 打率0.215, 121打席, 23安打, 2本塁打, 12打点, 30三振, 長打率0.327
伊藤　光, (オ), 右打ち, 80試合, 打率0.241, 203打席, 45安打, 3本塁打, 15打点, 36三振, 長打率0.326
清田　育宏, (ロ), 右打ち, 106試合, 打率0.225, 417打席, 82安打, 6本塁打, 38打点, 76三振, 長打率0.326
奥浪　鏡, (オ), 右打ち, 15試合, 打率0.265, 42打席, 9安打, 0本塁打, 1打点, 11三振, 長打率0.324
近藤　健介, (日), 左打ち, 80試合, 打率0.265, 291打席, 68安打, 2本塁打, 27打点, 45三振, 長打率0.323
安達　了一, (オ), 右打ち, 118試合, 打率0.273, 488打席, 110安打, 1本塁打, 34打点, 53三振, 長打率0.323
本多　雄一, (ソ), 左打ち, 110試合, 打率0.280, 388打席, 93安打, 1本塁打, 27打点, 51三振, 長打率0.322
ボグセビック, (オ), 左打ち, 60試合, 打率0.187, 193打席, 32安打, 3本塁打, 18打点, 48三振, 長打率0.322
藤田　一也, (楽), 左打ち, 120試合, 打率0.265, 449打席, 108安打, 0本塁打, 46打点, 44三振, 長打率0.321
_谷　裕亮, (ソ), 左打ち, 37試合, 打率0.247, 103打席, 20安打, 2本塁打, 16打点, 12三振, 長打率0.321
大嶺　翔太, (ロ), 右打ち, 38試合, 打率0.236, 80打席, 17安打, 0本塁打, 7打点, 20三振, 長打率0.319
_濱　卓也, (ロ), 左打ち, 53試合, 打率0.215, 158打席, 31安打, 3本塁打, 13打点, 30三振, 長打率0.319
岡田　幸文, (ロ), 左打ち, 121試合, 打率0.275, 356打席, 90安打, 0本塁打, 18打点, 42三振, 長打率0.315
園部　聡, (オ), 右打ち, 16試合, 打率0.204, 57打席, 11安打, 1本塁打, 6打点, 24三振, 長打率0.315
田中　賢介, (日), 左打ち, 143試合, 打率0.272, 626打席, 147安打, 2本塁打, 53打点, 56三振, 長打率0.312
金子　侑司, (西), 両打ち, 129試合, 打率0.265, 520打席, 122安打, 1本塁打, 33打点, 69三振, 長打率0.311
中川　大志, (楽), 右打ち, 22試合, 打率0.203, 80打席, 15安打, 2本塁打, 18打点, 21三振, 長打率0.311
加藤　翔平, (ロ), 両打ち, 80試合, 打率0.245, 246打席, 53安打, 0本塁打, 12打点, 46三振, 長打率0.310
中村　奨吾, (ロ), 右打ち, 108試合, 打率0.201, 325打席, 56安打, 6本塁打, 25打点, 70三振, 長打率0.309
杉谷　拳士, (日), 両打ち, 62試合, 打率0.240, 138打席, 25安打, 0本塁打, 9打点, 23三振, 長打率0.308
小島　脩平, (オ), 左打ち, 79試合, 打率0.246, 219打席, 49安打, 0本塁打, 9打点, 29三振, 長打率0.307
谷口　雄也, (日), 左打ち, 83試合, 打率0.254, 211打席, 49安打, 1本塁打, 9打点, 48三振, 長打率0.306
明石　健志, (ソ), 左打ち, 47試合, 打率0.230, 152打席, 31安打, 0本塁打, 16打点, 34三振, 長打率0.304
松井　稼頭央, (楽), 両打ち, 56試合, 打率0.213, 179打席, 34安打, 2本塁打, 13打点, 42三振, 長打率0.300
外崎　修汰, (西), 右打ち, 37試合, 打率0.176, 57打席, 9安打, 2本塁打, 5打点, 11三振, 長打率0.294
オコエ　瑠偉, (楽), 右打ち, 51試合, 打率0.185, 130打席, 22安打, 1本塁打, 6打点, 27三振, 長打率0.294
松本　剛, (日), 右打ち, 12試合, 打率0.238, 22打席, 5安打, 0本塁打, 2打点, 5三振, 長打率0.286
若月　健矢, (オ), 右打ち, 85試合, 打率0.227, 262打席, 52安打, 0本塁打, 20打点, 42三振, 長打率0.284
細川　亨, (ソ), 右打ち, 49試合, 打率0.226, 115打席, 21安打, 1本塁打, 6打点, 28三振, 長打率0.280
牧原　大成, (ソ), 左打ち, 41試合, 打率0.244, 97打席, 22安打, 0本塁打, 6打点, 15三振, 長打率0.278
淺間　大基, (日), 左打ち, 52試合, 打率0.191, 115打席, 21安打, 1本塁打, 9打点, 36三振, 長打率0.273
フェルナンド, (楽), 右打ち, 4試合, 打率0.182, 11打席, 2安打, 0本塁打, 0打点, 3三振, 長打率0.273
足立　祐一, (楽), 右打ち, 73試合, 打率0.227, 208打席, 42安打, 1本塁打, 14打点, 36三振, 長打率0.270
斐紹, (ソ), 左打ち, 13試合, 打率0.231, 31打席, 6安打, 0本塁打, 1打点, 8三振, 長打率0.269
炭谷　銀仁_, (西), 右打ち, 117試合, 打率0.218, 326打席, 64安打, 1本塁打, 22打点, 48三振, 長打率0.269
中島　卓也, (日), 左打ち, 143試合, 打率0.243, 600打席, 115安打, 0本塁打, 28打点, 117三振, 長打率0.268
福浦　和也, (ロ), 左打ち, 36試合, 打率0.244, 90打席, 20安打, 0本塁打, 7打点, 12三振, 長打率0.268
大嶋　匠, (日), 左打ち, 12試合, 打率0.200, 17打席, 3安打, 0本塁打, 1打点, 2三振, 長打率0.267
上林　誠知, (ソ), 左打ち, 14試合, 打率0.211, 19打席, 4安打, 0本塁打, 1打点, 7三振, 長打率0.263
木村　昇吾, (西), 左打ち, 38試合, 打率0.221, 108打席, 21安打, 0本塁打, 5打点, 22三振, 長打率0.263
縞田　拓弥, (オ), 右打ち, 31試合, 打率0.167, 46打席, 7安打, 1本塁打, 3打点, 8三振, 長打率0.262
宮_　祐樹, (オ), 右打ち, 23試合, 打率0.238, 49打席, 10安打, 0本塁打, 0打点, 8三振, 長打率0.262
大城　滉二, (オ), 右打ち, 64試合, 打率0.224, 177打席, 36安打, 0本塁打, 7打点, 38三振, 長打率0.261
阿部　俊人, (楽), 左打ち, 55試合, 打率0.185, 28打席, 5安打, 0本塁打, 2打点, 8三振, 長打率0.259
清水　優心, (日), 右打ち, 5試合, 打率0.250, 8打席, 2安打, 0本塁打, 0打点, 2三振, 長打率0.250
田代　将太郎, (西), 左打ち, 13試合, 打率0.250, 5打席, 1安打, 0本塁打, 0打点, 0三振, 長打率0.250
哲_, (楽), 右打ち, 11試合, 打率0.100, 21打席, 2安打, 1本塁打, 1打点, 6三振, 長打率0.250
東明　大貴, (オ), 右打ち, 24試合, 打率0.250, 5打席, 1安打, 0本塁打, 1打点, 3三振, 長打率0.250
西　勇輝, (オ), 右打ち, 26試合, 打率0.250, 4打席, 1安打, 0本塁打, 0打点, 1三振, 長打率0.250
ゴームズ, (楽), 右打ち, 18試合, 打率0.169, 75打席, 11安打, 1本塁打, 7打点, 22三振, 長打率0.246
伏見　寅威, (オ), 右打ち, 17試合, 打率0.242, 35打席, 8安打, 0本塁打, 1打点, 6三振, 長打率0.242
三木　亮, (ロ), 右打ち, 75試合, 打率0.185, 58打席, 10安打, 0本塁打, 2打点, 17三振, 長打率0.241
平沢　大河, (ロ), 左打ち, 23試合, 打率0.149, 53打席, 7安打, 0本塁打, 3打点, 18三振, 長打率0.234
呉　念庭, (西), 左打ち, 43試合, 打率0.194, 142打席, 24安打, 0本塁打, 11打点, 25三振, 長打率0.234
駿太, (オ), 左打ち, 105試合, 打率0.192, 239打席, 41安打, 1本塁打, 9打点, 40三振, 長打率0.229
岡田　雅利, (西), 右打ち, 47試合, 打率0.227, 79打席, 15安打, 0本塁打, 5打点, 18三振, 長打率0.227
吉持　亮汰, (楽), 右打ち, 21試合, 打率0.161, 37打席, 5安打, 0本塁打, 1打点, 6三振, 長打率0.226
川端　崇義, (オ), 右打ち, 28試合, 打率0.194, 71打席, 12安打, 0本塁打, 5打点, 11三振, 長打率0.226
金澤　岳, (ロ), 左打ち, 17試合, 打率0.188, 41打席, 6安打, 0本塁打, 2打点, 13三振, 長打率0.219
原　拓也, (オ), 左打ち, 36試合, 打率0.189, 43打席, 7安打, 0本塁打, 4打点, 7三振, 長打率0.216
岩_　恭平, (オ), 左打ち, 9試合, 打率0.214, 15打席, 3安打, 0本塁打, 0打点, 5三振, 長打率0.214
川本　良平, (楽), 右打ち, 11試合, 打率0.158, 23打席, 3安打, 0本塁打, 2打点, 4三振, 長打率0.211
_田　知季, (ソ), 左打ち, 36試合, 打率0.175, 77打席, 11安打, 0本塁打, 2打点, 15三振, 長打率0.206
カニザレス, (ソ), 右打ち, 16試合, 打率0.179, 42打席, 7安打, 0本塁打, 3打点, 11三振, 長打率0.205
市川　友也, (日), 右打ち, 71試合, 打率0.165, 156打席, 22安打, 1本塁打, 12打点, 28三振, 長打率0.203
千賀　滉大, (ソ), 左打ち, 25試合, 打率0.200, 5打席, 1安打, 0本塁打, 0打点, 4三振, 長打率0.200
木村　文紀, (西), 右打ち, 28試合, 打率0.167, 35打席, 5安打, 0本塁打, 2打点, 12三振, 長打率0.200
武田　健吾, (オ), 右打ち, 10試合, 打率0.100, 20打席, 2安打, 0本塁打, 1打点, 3三振, 長打率0.200
鈴木　昂平, (オ), 右打ち, 45試合, 打率0.184, 43打席, 7安打, 0本塁打, 4打点, 8三振, 長打率0.184
永江　恭平, (西), 左打ち, 74試合, 打率0.162, 84打席, 12安打, 0本塁打, 3打点, 24三振, 長打率0.176
江村　直也, (ロ), 右打ち, 22試合, 打率0.130, 24打席, 3安打, 0本塁打, 4打点, 10三振, 長打率0.174
香月　一也, (ロ), 左打ち, 2試合, 打率0.167, 6打席, 1安打, 0本塁打, 0打点, 3三振, 長打率0.167
熊代　聖人, (西), 右打ち, 28試合, 打率0.167, 9打席, 1安打, 0本塁打, 0打点, 2三振, 長打率0.167
伊志嶺　忠, (楽), 左打ち, 27試合, 打率0.167, 22打席, 3安打, 0本塁打, 1打点, 4三振, 長打率0.167
山崎　勝己, (オ), 右打ち, 43試合, 打率0.152, 80打席, 10安打, 0本塁打, 0打点, 16三振, 長打率0.167
小田　裕也, (オ), 左打ち, 78試合, 打率0.137, 58打席, 7安打, 0本塁打, 3打点, 19三振, 長打率0.137
川島　慶三, (ソ), 右打ち, 20試合, 打率0.125, 50打席, 5安打, 0本塁打, 3打点, 10三振, 長打率0.125
横尾　俊建, (日), 右打ち, 10試合, 打率0.118, 17打席, 2安打, 0本塁打, 0打点, 3三振, 長打率0.118
石川　慎吾, (日), 右打ち, 12試合, 打率0.074, 28打席, 2安打, 0本塁打, 1打点, 5三振, 長打率0.074
新垣　勇人, (日), 右打ち, 4試合, 打率0.000, 0打席, 0安打, 0本塁打, 0打点, 0三振, 長打率0.000
有原　航平, (日), 右打ち, 22試合, 打率0.000, 4打席, 0安打, 0本塁打, 0打点, 3三振, 長打率0.000
井口　和朋, (日), 右打ち, 37試合, 打率0.000, 0打席, 0安打, 0本塁打, 0打点, 0三振, 長打率0.000
石井　裕也, (日), 左打ち, 22試合, 打率0.000, 0打席, 0安打, 0本塁打, 0打点, 0三振, 長打率0.000
石川　直也, (日), 右打ち, 1試合, 打率0.000, 0打席, 0安打, 0本塁打, 0打点, 0三振, 長打率0.000
石川　亮, (日), 右打ち, 1試合, 打率0.000, 0打席, 0安打, 0本塁打, 0打点, 0三振, 長打率0.000
上原　健太, (日), 左打ち, 1試合, 打率0.000, 0打席, 0安打, 0本塁打, 0打点, 0三振, 長打率0.000
榎下　陽大, (日), 右打ち, 16試合, 打率0.000, 0打席, 0安打, 0本塁打, 0打点, 0三振, 長打率0.000
大累　進, (日), 右打ち, 14試合, 打率0.000, 6打席, 0安打, 0本塁打, 0打点, 1三振, 長打率0.000
鍵谷　陽平, (日), 右打ち, 48試合, 打率0.000, 0打席, 0安打, 0本塁打, 0打点, 0三振, 長打率0.000
加藤　貴之, (日), 左打ち, 30試合, 打率0.000, 0打席, 0安打, 0本塁打, 0打点, 0三振, 長打率0.000
金平　将至, (日), 左打ち, 1試合, 打率0.000, 0打席, 0安打, 0本塁打, 0打点, 0三振, 長打率0.000
岸里　亮佑, (日), 左打ち, 1試合, 打率0.000, 0打席, 0安打, 0本塁打, 0打点, 0三振, 長打率0.000
斎藤　佑樹, (日), 右打ち, 11試合, 打率0.000, 0打席, 0安打, 0本塁打, 0打点, 0三振, 長打率0.000
瀬川　隼郎, (日), 左打ち, 1試合, 打率0.000, 0打席, 0安打, 0本塁打, 0打点, 0三振, 長打率0.000
高梨　裕稔, (日), 右打ち, 37試合, 打率0.000, 2打席, 0安打, 0本塁打, 0打点, 2三振, 長打率0.000
武田　久, (日), 左打ち, 5試合, 打率0.000, 0打席, 0安打, 0本塁打, 0打点, 0三振, 長打率0.000
武田　勝, (日), 左打ち, 1試合, 打率0.000, 0打席, 0安打, 0本塁打, 0打点, 0三振, 長打率0.000
田中　豊樹, (日), 右打ち, 4試合, 打率0.000, 0打席, 0安打, 0本塁打, 0打点, 0三振, 長打率0.000
谷元　圭介, (日), 右打ち, 58試合, 打率0.000, 0打席, 0安打, 0本塁打, 0打点, 0三振, 長打率0.000
中村　勝, (日), 右打ち, 2試合, 打率0.000, 0打席, 0安打, 0本塁打, 0打点, 0三振, 長打率0.000
バース, (日), 右打ち, 37試合, 打率0.000, 3打席, 0安打, 0本塁打, 0打点, 2三振, 長打率0.000
白村　明弘, (日), 左打ち, 22試合, 打率0.000, 0打席, 0安打, 0本塁打, 0打点, 0三振, 長打率0.000
藤岡　好明, (日), 左打ち, 1試合, 打率0.000, 0打席, 0安打, 0本塁打, 0打点, 0三振, 長打率0.000
マーティン, (日), 右打ち, 52試合, 打率0.000, 0打席, 0安打, 0本塁打, 0打点, 0三振, 長打率0.000
増井　浩俊, (日), 右打ち, 30試合, 打率0.000, 0打席, 0安打, 0本塁打, 0打点, 0三振, 長打率0.000
宮西　尚生, (日), 左打ち, 58試合, 打率0.000, 0打席, 0安打, 0本塁打, 0打点, 0三振, 長打率0.000
メンドーサ, (日), 右打ち, 23試合, 打率0.000, 4打席, 0安打, 0本塁打, 0打点, 3三振, 長打率0.000
吉川　光夫, (日), 左打ち, 27試合, 打率0.000, 4打席, 0安打, 0本塁打, 0打点, 2三振, 長打率0.000
米野　智人, (日), 右打ち, 1試合, 打率0.000, 0打席, 0安打, 0本塁打, 0打点, 0三振, 長打率0.000
飯田　優也, (ソ), 左打ち, 30試合, 打率0.000, 0打席, 0安打, 0本塁打, 0打点, 0三振, 長打率0.000
五十嵐　亮太, (ソ), 右打ち, 33試合, 打率0.000, 0打席, 0安打, 0本塁打, 0打点, 0三振, 長打率0.000
猪本　健太郎, (ソ), 右打ち, 5試合, 打率0.000, 10打席, 0安打, 0本塁打, 0打点, 5三振, 長打率0.000
岩嵜　翔, (ソ), 右打ち, 35試合, 打率0.000, 1打席, 0安打, 0本塁打, 0打点, 1三振, 長打率0.000
大隣　憲司, (ソ), 左打ち, 1試合, 打率0.000, 0打席, 0安打, 0本塁打, 0打点, 0三振, 長打率0.000
岡本　健, (ソ), 右打ち, 13試合, 打率0.000, 0打席, 0安打, 0本塁打, 0打点, 0三振, 長打率0.000
加治屋　蓮, (ソ), 右打ち, 2試合, 打率0.000, 0打席, 0安打, 0本塁打, 0打点, 0三振, 長打率0.000
金子　圭輔, (ソ), 両打ち, 10試合, 打率0.000, 5打席, 0安打, 0本塁打, 0打点, 4三振, 長打率0.000
釜元　豪, (ソ), 左打ち, 1試合, 打率0.000, 1打席, 0安打, 0本塁打, 0打点, 1三振, 長打率0.000
嘉弥真　新也, (ソ), 左打ち, 5試合, 打率0.000, 0打席, 0安打, 0本塁打, 0打点, 0三振, 長打率0.000
サファテ, (ソ), 右打ち, 64試合, 打率0.000, 1打席, 0安打, 0本塁打, 0打点, 1三振, 長打率0.000
スアレス, (ソ), 右打ち, 58試合, 打率0.000, 0打席, 0安打, 0本塁打, 0打点, 0三振, 長打率0.000
攝津　正, (ソ), 右打ち, 7試合, 打率0.000, 0打席, 0安打, 0本塁打, 0打点, 0三振, 長打率0.000
武田　翔太, (ソ), 右打ち, 27試合, 打率0.000, 6打席, 0安打, 0本塁打, 0打点, 3三振, 長打率0.000
塚田　正義, (ソ), 右打ち, 1試合, 打率0.000, 1打席, 0安打, 0本塁打, 0打点, 1三振, 長打率0.000
寺原　隼人, (ソ), 右打ち, 14試合, 打率0.000, 0打席, 0安打, 0本塁打, 0打点, 0三振, 長打率0.000
中田　賢一, (ソ), 右打ち, 17試合, 打率0.000, 2打席, 0安打, 0本塁打, 0打点, 1三振, 長打率0.000
バリオス, (ソ), 右打ち, 11試合, 打率0.000, 0打席, 0安打, 0本塁打, 0打点, 0三振, 長打率0.000
バンデンハーク, (ソ), 右打ち, 13試合, 打率0.000, 0打席, 0安打, 0本塁打, 0打点, 0三振, 長打率0.000
東浜　巨, (ソ), 右打ち, 23試合, 打率0.000, 7打席, 0安打, 0本塁打, 0打点, 2三振, 長打率0.000
松坂　大輔, (ソ), 右打ち, 1試合, 打率0.000, 0打席, 0安打, 0本塁打, 0打点, 0三振, 長打率0.000
松本　裕樹, (ソ), 左打ち, 1試合, 打率0.000, 0打席, 0安打, 0本塁打, 0打点, 0三振, 長打率0.000
森　唯斗, (ソ), 右打ち, 56試合, 打率0.000, 0打席, 0安打, 0本塁打, 0打点, 0三振, 長打率0.000
森福　允彦, (ソ), 左打ち, 50試合, 打率0.000, 0打席, 0安打, 0本塁打, 0打点, 0三振, 長打率0.000
柳瀬　明宏, (ソ), 右打ち, 2試合, 打率0.000, 0打席, 0安打, 0本塁打, 0打点, 0三振, 長打率0.000
山田　大樹, (ソ), 左打ち, 4試合, 打率0.000, 1打席, 0安打, 0本塁打, 0打点, 0三振, 長打率0.000
和田　毅, (ソ), 左打ち, 24試合, 打率0.000, 3打席, 0安打, 0本塁打, 0打点, 1三振, 長打率0.000
阿部　和成, (ロ), 右打ち, 13試合, 打率0.000, 0打席, 0安打, 0本塁打, 0打点, 0三振, 長打率0.000
イ・デウン, (ロ), 左打ち, 3試合, 打率0.000, 0打席, 0安打, 0本塁打, 0打点, 0三振, 長打率0.000
石川　歩, (ロ), 右打ち, 23試合, 打率0.000, 3打席, 0安打, 0本塁打, 0打点, 1三振, 長打率0.000
伊志嶺　翔大, (ロ), 右打ち, 3試合, 打率0.000, 2打席, 0安打, 0本塁打, 0打点, 0三振, 長打率0.000
内　竜也, (ロ), 右打ち, 34試合, 打率0.000, 0打席, 0安打, 0本塁打, 0打点, 0三振, 長打率0.000
大谷　智久, (ロ), 右打ち, 32試合, 打率0.000, 0打席, 0安打, 0本塁打, 0打点, 0三振, 長打率0.000
大嶺　祐太, (ロ), 左打ち, 14試合, 打率0.000, 0打席, 0安打, 0本塁打, 0打点, 0三振, 長打率0.000
香月　良仁, (ロ), 右打ち, 11試合, 打率0.000, 0打席, 0安打, 0本塁打, 0打点, 0三振, 長打率0.000
金森　敬之, (ロ), 右打ち, 1試合, 打率0.000, 0打席, 0安打, 0本塁打, 0打点, 0三振, 長打率0.000
唐川　侑己, (ロ), 右打ち, 15試合, 打率0.000, 1打席, 0安打, 0本塁打, 0打点, 1三振, 長打率0.000
木村　優太, (ロ), 左打ち, 6試合, 打率0.000, 0打席, 0安打, 0本塁打, 0打点, 0三振, 長打率0.000
黒沢　翔太, (ロ), 右打ち, 4試合, 打率0.000, 0打席, 0安打, 0本塁打, 0打点, 0三振, 長打率0.000
スタンリッジ, (ロ), 右打ち, 27試合, 打率0.000, 3打席, 0安打, 0本塁打, 0打点, 0三振, 長打率0.000
高野　圭佑, (ロ), 右打ち, 14試合, 打率0.000, 0打席, 0安打, 0本塁打, 0打点, 0三振, 長打率0.000
田中　靖洋, (ロ), 右打ち, 17試合, 打率0.000, 0打席, 0安打, 0本塁打, 0打点, 0三振, 長打率0.000
チェン・グァンユウ, (ロ), 左打ち, 7試合, 打率0.000, 2打席, 0安打, 0本塁打, 0打点, 2三振, 長打率0.000
東條　大樹, (ロ), 右打ち, 11試合, 打率0.000, 0打席, 0安打, 0本塁打, 0打点, 0三振, 長打率0.000
西野　勇士, (ロ), 右打ち, 42試合, 打率0.000, 0打席, 0安打, 0本塁打, 0打点, 0三振, 長打率0.000
肘井　竜蔵, (ロ), 左打ち, 8試合, 打率0.000, 10打席, 0安打, 0本塁打, 0打点, 2三振, 長打率0.000
藤岡　貴裕, (ロ), 左打ち, 32試合, 打率0.000, 0打席, 0安打, 0本塁打, 0打点, 0三振, 長打率0.000
二木　康太, (ロ), 右打ち, 22試合, 打率0.000, 3打席, 0安打, 0本塁打, 0打点, 1三振, 長打率0.000
古谷　拓哉, (ロ), 左打ち, 5試合, 打率0.000, 0打席, 0安打, 0本塁打, 0打点, 0三振, 長打率0.000
益田　直也, (ロ), 右打ち, 61試合, 打率0.000, 0打席, 0安打, 0本塁打, 0打点, 0三振, 長打率0.000
松永　昂大, (ロ), 左打ち, 53試合, 打率0.000, 0打席, 0安打, 0本塁打, 0打点, 0三振, 長打率0.000
南　昌輝, (ロ), 右打ち, 57試合, 打率0.000, 0打席, 0安打, 0本塁打, 0打点, 0三振, 長打率0.000
宮_　敦次, (ロ), 左打ち, 2試合, 打率0.000, 0打席, 0安打, 0本塁打, 0打点, 0三振, 長打率0.000
吉田　裕太, (ロ), 右打ち, 24試合, 打率0.000, 35打席, 0安打, 0本塁打, 0打点, 12三振, 長打率0.000
涌井　秀章, (ロ), 右打ち, 26試合, 打率0.000, 6打席, 0安打, 0本塁打, 0打点, 4三振, 長打率0.000
岩尾　利弘, (西), 左打ち, 2試合, 打率0.000, 0打席, 0安打, 0本塁打, 0打点, 0三振, 長打率0.000
ウルフ, (西), 右打ち, 4試合, 打率0.000, 0打席, 0安打, 0本塁打, 0打点, 0三振, 長打率0.000
大石　達也, (西), 左打ち, 36試合, 打率0.000, 0打席, 0安打, 0本塁打, 0打点, 0三振, 長打率0.000
大_　雄太朗, (西), 左打ち, 4試合, 打率0.000, 6打席, 0安打, 0本塁打, 0打点, 0三振, 長打率0.000
岡本　篤志, (西), 右打ち, 4試合, 打率0.000, 0打席, 0安打, 0本塁打, 0打点, 0三振, 長打率0.000
岡本　洋介, (西), 右打ち, 4試合, 打率0.000, 0打席, 0安打, 0本塁打, 0打点, 0三振, 長打率0.000
郭　俊麟, (西), 右打ち, 12試合, 打率0.000, 0打席, 0安打, 0本塁打, 0打点, 0三振, 長打率0.000
菊池　雄星, (西), 左打ち, 22試合, 打率0.000, 2打席, 0安打, 0本塁打, 0打点, 1三振, 長打率0.000
岸　孝之, (西), 右打ち, 19試合, 打率0.000, 2打席, 0安打, 0本塁打, 0打点, 0三振, 長打率0.000
小石　博孝, (西), 左打ち, 50試合, 打率0.000, 0打席, 0安打, 0本塁打, 0打点, 0三振, 長打率0.000
國場　翼, (西), 左打ち, 2試合, 打率0.000, 0打席, 0安打, 0本塁打, 0打点, 0三振, 長打率0.000
斉藤　彰吾, (西), 左打ち, 45試合, 打率0.000, 13打席, 0安打, 0本塁打, 0打点, 7三振, 長打率0.000
佐藤　勇, (西), 左打ち, 7試合, 打率0.000, 0打席, 0安打, 0本塁打, 0打点, 0三振, 長打率0.000
佐野　泰雄, (西), 左打ち, 15試合, 打率0.000, 1打席, 0安打, 0本塁打, 0打点, 0三振, 長打率0.000
Ｃ．Ｃ．リー, (西), 右打ち, 18試合, 打率0.000, 0打席, 0安打, 0本塁打, 0打点, 0三振, 長打率0.000
_橋　光成, (西), 右打ち, 22試合, 打率0.000, 2打席, 0安打, 0本塁打, 0打点, 1三振, 長打率0.000
_橋　朋己, (西), 左打ち, 7試合, 打率0.000, 0打席, 0安打, 0本塁打, 0打点, 0三振, 長打率0.000
武隈　祥太, (西), 左打ち, 64試合, 打率0.000, 0打席, 0安打, 0本塁打, 0打点, 0三振, 長打率0.000
多和田　真三郎, (西), 右打ち, 18試合, 打率0.000, 3打席, 0安打, 0本塁打, 0打点, 2三振, 長打率0.000
十亀　剣, (西), 右打ち, 21試合, 打率0.000, 0打席, 0安打, 0本塁打, 0打点, 0三振, 長打率0.000
豊田　拓矢, (西), 右打ち, 6試合, 打率0.000, 0打席, 0安打, 0本塁打, 0打点, 0三振, 長打率0.000
中_　雄太, (西), 左打ち, 8試合, 打率0.000, 0打席, 0安打, 0本塁打, 0打点, 0三振, 長打率0.000
野上　亮磨, (西), 右打ち, 22試合, 打率0.000, 2打席, 0安打, 0本塁打, 0打点, 0三振, 長打率0.000
野田　昇吾, (西), 左打ち, 22試合, 打率0.000, 0打席, 0安打, 0本塁打, 0打点, 0三振, 長打率0.000
バスケス, (西), 右打ち, 19試合, 打率0.000, 0打席, 0安打, 0本塁打, 0打点, 0三振, 長打率0.000
藤原　良平, (西), 右打ち, 10試合, 打率0.000, 0打席, 0安打, 0本塁打, 0打点, 0三振, 長打率0.000
ポーリーノ, (西), 右打ち, 9試合, 打率0.000, 2打席, 0安打, 0本塁打, 0打点, 1三振, 長打率0.000
本田　圭佑, (西), 右打ち, 2試合, 打率0.000, 0打席, 0安打, 0本塁打, 0打点, 0三振, 長打率0.000
牧田　和久, (西), 右打ち, 50試合, 打率0.000, 0打席, 0安打, 0本塁打, 0打点, 0三振, 長打率0.000
誠, (西), 右打ち, 2試合, 打率0.000, 0打席, 0安打, 0本塁打, 0打点, 0三振, 長打率0.000
増田　達至, (西), 右打ち, 53試合, 打率0.000, 0打席, 0安打, 0本塁打, 0打点, 0三振, 長打率0.000
松本　直晃, (西), 右打ち, 2試合, 打率0.000, 0打席, 0安打, 0本塁打, 0打点, 0三振, 長打率0.000
南川　忠亮, (西), 右打ち, 4試合, 打率0.000, 0打席, 0安打, 0本塁打, 0打点, 0三振, 長打率0.000
相原　和友, (楽), 左打ち, 2試合, 打率0.000, 0打席, 0安打, 0本塁打, 0打点, 0三振, 長打率0.000
青山　浩二, (楽), 右打ち, 50試合, 打率0.000, 0打席, 0安打, 0本塁打, 0打点, 0三振, 長打率0.000
安樂　智大, (楽), 左打ち, 15試合, 打率0.000, 0打席, 0安打, 0本塁打, 0打点, 0三振, 長打率0.000
石橋　良太, (楽), 左打ち, 6試合, 打率0.000, 0打席, 0安打, 0本塁打, 0打点, 0三振, 長打率0.000
入野　貴大, (楽), 左打ち, 4試合, 打率0.000, 0打席, 0安打, 0本塁打, 0打点, 0三振, 長打率0.000
大塚　尚仁, (楽), 左打ち, 4試合, 打率0.000, 0打席, 0安打, 0本塁打, 0打点, 0三振, 長打率0.000
小野　郁, (楽), 右打ち, 11試合, 打率0.000, 0打席, 0安打, 0本塁打, 0打点, 0三振, 長打率0.000
加藤　正志, (楽), 右打ち, 1試合, 打率0.000, 0打席, 0安打, 0本塁打, 0打点, 0三振, 長打率0.000
金刃　憲人, (楽), 左打ち, 54試合, 打率0.000, 0打席, 0安打, 0本塁打, 0打点, 0三振, 長打率0.000
辛島　航, (楽), 左打ち, 13試合, 打率0.000, 0打席, 0安打, 0本塁打, 0打点, 0三振, 長打率0.000
川井　貴志, (楽), 左打ち, 5試合, 打率0.000, 2打席, 0安打, 0本塁打, 0打点, 0三振, 長打率0.000
菊池　保則, (楽), 左打ち, 7試合, 打率0.000, 0打席, 0安打, 0本塁打, 0打点, 0三振, 長打率0.000
金　無英, (楽), 右打ち, 2試合, 打率0.000, 0打席, 0安打, 0本塁打, 0打点, 0三振, 長打率0.000
小関　翔太, (楽), 右打ち, 7試合, 打率0.000, 9打席, 0安打, 0本塁打, 0打点, 3三振, 長打率0.000
塩見　貴洋, (楽), 左打ち, 24試合, 打率0.000, 4打席, 0安打, 0本塁打, 0打点, 3三振, 長打率0.000
戸村　健次, (楽), 右打ち, 11試合, 打率0.000, 4打席, 0安打, 0本塁打, 0打点, 3三振, 長打率0.000
西宮　悠介, (楽), 左打ち, 29試合, 打率0.000, 0打席, 0安打, 0本塁打, 0打点, 0三振, 長打率0.000
則本　昂大, (楽), 左打ち, 28試合, 打率0.000, 4打席, 0安打, 0本塁打, 0打点, 2三振, 長打率0.000
長谷部　康平, (楽), 左打ち, 2試合, 打率0.000, 0打席, 0安打, 0本塁打, 0打点, 0三振, 長打率0.000
濱矢　廣大, (楽), 左打ち, 13試合, 打率0.000, 0打席, 0安打, 0本塁打, 0打点, 0三振, 長打率0.000
ブリガム, (楽), 右打ち, 11試合, 打率0.000, 0打席, 0安打, 0本塁打, 0打点, 0三振, 長打率0.000
福山　博之, (楽), 右打ち, 69試合, 打率0.000, 0打席, 0安打, 0本塁打, 0打点, 0三振, 長打率0.000
古川　侑利, (楽), 右打ち, 6試合, 打率0.000, 0打席, 0安打, 0本塁打, 0打点, 0三振, 長打率0.000
松井　裕樹, (楽), 左打ち, 58試合, 打率0.000, 0打席, 0安打, 0本塁打, 0打点, 0三振, 長打率0.000
ミコライオ, (楽), 右打ち, 45試合, 打率0.000, 0打席, 0安打, 0本塁打, 0打点, 0三振, 長打率0.000
宮川　将, (楽), 右打ち, 9試合, 打率0.000, 0打席, 0安打, 0本塁打, 0打点, 0三振, 長打率0.000
武藤　好貴, (楽), 右打ち, 2試合, 打率0.000, 0打席, 0安打, 0本塁打, 0打点, 0三振, 長打率0.000
山内　壮馬, (楽), 右打ち, 1試合, 打率0.000, 0打席, 0安打, 0本塁打, 0打点, 0三振, 長打率0.000
横山　貴明, (楽), 右打ち, 19試合, 打率0.000, 0打席, 0安打, 0本塁打, 0打点, 0三振, 長打率0.000
リズ, (楽), 右打ち, 5試合, 打率0.000, 0打席, 0安打, 0本塁打, 0打点, 0三振, 長打率0.000
レイ, (楽), 右打ち, 4試合, 打率0.000, 0打席, 0安打, 0本塁打, 0打点, 0三振, 長打率0.000
青山　大紀, (オ), 左打ち, 1試合, 打率0.000, 0打席, 0安打, 0本塁打, 0打点, 0三振, 長打率0.000
赤間　謙, (オ), 右打ち, 24試合, 打率0.000, 0打席, 0安打, 0本塁打, 0打点, 0三振, 長打率0.000
大田　阿斗里, (オ), 右打ち, 1試合, 打率0.000, 0打席, 0安打, 0本塁打, 0打点, 0三振, 長打率0.000
大山　暁史, (オ), 左打ち, 3試合, 打率0.000, 0打席, 0安打, 0本塁打, 0打点, 0三振, 長打率0.000
海田　智行, (オ), 左打ち, 50試合, 打率0.000, 0打席, 0安打, 0本塁打, 0打点, 0三振, 長打率0.000
角屋　龍太, (オ), 右打ち, 2試合, 打率0.000, 0打席, 0安打, 0本塁打, 0打点, 0三振, 長打率0.000
金子　千尋, (オ), 左打ち, 24試合, 打率0.000, 0打席, 0安打, 0本塁打, 0打点, 0三振, 長打率0.000
岸田　護, (オ), 右打ち, 16試合, 打率0.000, 0打席, 0安打, 0本塁打, 0打点, 0三振, 長打率0.000
コーディエ, (オ), 右打ち, 13試合, 打率0.000, 0打席, 0安打, 0本塁打, 0打点, 0三振, 長打率0.000
小松　聖, (オ), 右打ち, 4試合, 打率0.000, 0打席, 0安打, 0本塁打, 0打点, 0三振, 長打率0.000
近藤　一樹, (オ), 右打ち, 5試合, 打率0.000, 0打席, 0安打, 0本塁打, 0打点, 0三振, 長打率0.000
近藤　大亮, (オ), 右打ち, 1試合, 打率0.000, 0打席, 0安打, 0本塁打, 0打点, 0三振, 長打率0.000
齋藤　綱記, (オ), 左打ち, 1試合, 打率0.000, 0打席, 0安打, 0本塁打, 0打点, 0三振, 長打率0.000
齋藤　俊雄, (オ), 右打ち, 1試合, 打率0.000, 0打席, 0安打, 0本塁打, 0打点, 0三振, 長打率0.000
佐藤　峻一, (オ), 右打ち, 5試合, 打率0.000, 0打席, 0安打, 0本塁打, 0打点, 0三振, 長打率0.000
佐藤　達也, (オ), 右打ち, 43試合, 打率0.000, 0打席, 0安打, 0本塁打, 0打点, 0三振, 長打率0.000
白仁田　寛和, (オ), 右打ち, 7試合, 打率0.000, 0打席, 0安打, 0本塁打, 0打点, 0三振, 長打率0.000
杉本　裕太郎, (オ), 右打ち, 1試合, 打率0.000, 3打席, 0安打, 0本塁打, 0打点, 2三振, 長打率0.000
鈴木　優, (オ), 右打ち, 1試合, 打率0.000, 0打席, 0安打, 0本塁打, 0打点, 0三振, 長打率0.000
_木　伴, (オ), 右打ち, 4試合, 打率0.000, 0打席, 0安打, 0本塁打, 0打点, 0三振, 長打率0.000
田中　大輔, (オ), 右打ち, 1試合, 打率0.000, 0打席, 0安打, 0本塁打, 0打点, 0三振, 長打率0.000
塚原　頌平, (オ), 左打ち, 54試合, 打率0.000, 0打席, 0安打, 0本塁打, 0打点, 0三振, 長打率0.000
堤　裕貴, (オ), 左打ち, 1試合, 打率0.000, 1打席, 0安打, 0本塁打, 0打点, 0三振, 長打率0.000
比嘉　幹貴, (オ), 右打ち, 16試合, 打率0.000, 0打席, 0安打, 0本塁打, 0打点, 0三振, 長打率0.000
平野　佳寿, (オ), 右打ち, 58試合, 打率0.000, 0打席, 0安打, 0本塁打, 0打点, 0三振, 長打率0.000
ミッシュ, (オ), 右打ち, 3試合, 打率0.000, 0打席, 0安打, 0本塁打, 0打点, 0三振, 長打率0.000
宗　佑磨, (オ), 左打ち, 3試合, 打率0.000, 4打席, 0安打, 0本塁打, 0打点, 3三振, 長打率0.000
八木　亮祐, (オ), 左打ち, 1試合, 打率0.000, 0打席, 0安打, 0本塁打, 0打点, 0三振, 長打率0.000
山_　福也, (オ), 左打ち, 17試合, 打率0.000, 2打席, 0安打, 0本塁打, 0打点, 0三振, 長打率0.000
山田　修義, (オ), 左打ち, 12試合, 打率0.000, 1打席, 0安打, 0本塁打, 0打点, 0三振, 長打率0.000
吉田　一将, (オ), 左打ち, 54試合, 打率0.000, 0打席, 0安打, 0本塁打, 0打点, 0三振, 長打率0.000
